{
  "city": {
    "Александров": {
      "name": "в Александрове",
      "phone": "+7(492)441-1-100"
    },
    "Андреево": {
        "name": "в Андреево",
        "phone": "+7(492)351-1-101"
    },
    "Астрахань": {
      "name": "в Астрахани",
      "phone": "+7(492)441-1-102"
    },
    "Белгород": {
        "name": "в Белгороде",
        "phone": "+7(492)351-1-103"
    },
    "Брянск": {
      "name": "в Брянске",
      "phone": "+7(492)441-1-104"
    },
    "Владимир": {
        "name": "во Владимире",
        "phone": "+7(492)351-1-105"
    },
    "Волгоград": {
      "name": "в Волгограде",
      "phone": "+7(492)441-1-106"
    },
    "Вологда": {
        "name": "в Вологде",
        "phone": "+7(492)351-1-107"
    },
    "Воронеж": {
      "name": "в Воронеже",
      "phone": "+7(492)441-1-108"
    },
    "Гусь Хрустальный": {
        "name": "в Гусь Хрустальном",
        "phone": "+7(492)351-1-109"
    },
    "Евпатория": {
      "name": "в Евпатории",
      "phone": "+7(492)441-1-110"
    },
    "Ейск": {
        "name": "в Ейске",
        "phone": "+7(492)351-1-111"
    },
    "Екатеринбург": {
      "name": "в Екатеринбурге",
      "phone": "+7(492)441-1-112"
    },
    "Жигулевск": {
        "name": "в Жигулевске",
        "phone": "+7(492)351-1-113"
    },
    "Иваново": {
      "name": "в Иваново",
      "phone": "+7(492)441-1-114"
    },
    "Иркутск": {
        "name": "в Иркутске",
        "phone": "+7(492)351-1-115"
    },
    "Казань": {
      "name": "в Казани",
      "phone": "+7(492)441-1-116"
    },
    "Калининград": {
        "name": "в Калининграде",
        "phone": "+7(492)351-1-117"
    },
    "Камешково": {
      "name": "в Камешково",
      "phone": "+7(492)441-1-118"
    },
    "Киржач": {
        "name": "в Киржаче",
        "phone": "+7(492)351-1-119"
    },
    "Киров": {
      "name": "в Кирове",
      "phone": "+7(492)441-1-120"
    },
    "Ковров": {
        "name": "в Коврове",
        "phone": "+7(492)351-1-121"
    },
    "Кольчугино": {
      "name": "в Кольчугино",
      "phone": "+7(492)441-1-122"
    },
    "Краснодар": {
        "name": "в Краснодаре",
        "phone": "+7(492)351-1-123"
    },
    "Красноярск": {
      "name": "в Красноярске",
      "phone": "+7(492)441-1-124"
    },
    "Липецк": {
        "name": "в Липецке",
        "phone": "+7(492)351-1-125"
    },
    "Луга": {
      "name": "в Луге",
      "phone": "+7(492)441-1-126"
    },
    "Лыткарино": {
        "name": "в Лыткарино",
        "phone": "+7(492)351-1-127"
    },
    "Люберцы": {
      "name": "в Люберцах",
      "phone": "+7(492)441-1-128"
    },
    "Москва": {
        "name": "в Москве",
        "phone": "+7(492)351-1-129"
    },
    "Муром": {
      "name": "в Муроме",
      "phone": "+7(492)441-1-130"
    },
    "Набережные Челны": {
        "name": "в Набережных Челнах",
        "phone": "+7(492)351-1-131"
    },
    "Новокуйбышевск": {
      "name": "в Новокуйбышевске",
      "phone": "+7(492)441-1-132"
    },
    "Новороссийск": {
        "name": "в Новороссийске",
        "phone": "+7(492)351-1-132"
    },
    "Одинцово": {
      "name": "в Одинцово",
      "phone": "+7(492)441-1-133"
    },
    "Омск": {
        "name": "в Омске",
        "phone": "+7(492)351-1-134"
    },
    "Орел": {
      "name": "в Орле",
      "phone": "+7(492)441-1-135"
    },
    "Оренбург": {
        "name": "в Оренбурге",
        "phone": "+7(492)351-1-136"
    },
    "Пенза": {
      "name": "в Пензе",
      "phone": "+7(492)441-1-137"
    },
    "Пермь": {
        "name": "в Перми",
        "phone": "+7(492)351-1-138"
    },
    "Петушки": {
      "name": "в Петушках",
      "phone": "+7(492)441-1-139"
    },
    "Подольск": {
        "name": "в Подольске",
        "phone": "+7(492)351-1-140"
    },
    "Покров": {
      "name": "в Покрове",
      "phone": "+7(492)441-1-141"
    },
    "Радужный": {
        "name": "в Радужном",
        "phone": "+7(492)351-1-142"
    },
    "Ростов-на-Дону": {
      "name": "в Ростове-на-Дону",
      "phone": "+7(492)441-1-143"
    },
    "Самара": {
        "name": "в Самаре",
        "phone": "+7(492)351-1-144"
    },
    "Санкт-Петербург": {
      "name": "в Санкт-Петербурге",
      "phone": "+7(492)441-1-145"
    },
    "Саратов": {
        "name": "в Саратове",
        "phone": "+7(492)351-1-146"
    },
    "Сергиев Посад": {
      "name": "в Сергиев Посаде",
      "phone": "+7(492)441-1-147"
    },
    "Собинка": {
        "name": "в Собинке",
        "phone": "+7(492)351-1-148"
    },
    "Судогда": {
      "name": "в Судогде",
      "phone": "+7(492)441-1-149"
    },
    "Суздаль": {
        "name": "в Суздали",
        "phone": "+7(492)351-1-150"
    },
    "Сургут": {
      "name": "в Сургуте",
      "phone": "+7(492)441-1-151"
    },
    "Сызрань": {
        "name": "в Сызрани",
        "phone": "+7(492)351-1-152"
    },
    "Тамбов": {
      "name": "в Тамбове",
      "phone": "+7(492)441-1-153"
    },
    "Тверь": {
        "name": "в Твери",
        "phone": "+7(492)351-1-154"
    },
    "Тольятти": {
      "name": "в Тольятти",
      "phone": "+7(492)441-1-155"
    },
    "Тюмень": {
        "name": "в Тюмени",
        "phone": "+7(492)351-1-156"
    },
    "Ханты-Мансийск": {
      "name": "в Ханты-Мансийске",
      "phone": "+7(492)441-1-157"
    },
    "Химки": {
        "name": "в Химках",
        "phone": "+7(492)351-1-158"
    },
    "Челябинск": {
      "name": "в Челябинске",
      "phone": "+7(492)441-1-159"
    },
    "Череповец": {
        "name": "в Череповце",
        "phone": "+7(492)351-1-160"
    },
    "Электросталь": {
      "name": "в Электростали",
      "phone": "+7(492)441-1-161"
    },
    "Юрьев-Польский": {
        "name": "в Юрьев-Польском",
        "phone": "+7(492)351-1-162"
    },
    "Ярославль": {
      "name": "в Ярославли",
      "phone": "+7(492)441-1-163"
    }
  }
}
